deal_id,announcement_date,acquirer_name,acquirer_cik,acquirer_sic,target_name,target_cik,target_sic,sector,disclosed_synergy_usd,synergy_type,acquirer_sga,acquirer_cogs,target_sga,target_cogs,combined_sga,combined_cogs,acquirer_revenue,target_revenue,combined_revenue,acquirer_fy,target_fy,source_quote,source_url
0000950123-11-099415,2011-11-18,EXPRESS SCRIPTS INC,885721,5912,MEDCO HEALTH SOLUTIONS INC,1170650,5912,retail,1100000000.0,unspecified,887300000.0,42015000000.0,1550400000.0,61633200000.0,2437700000.0,103648200000.0,44973200000.0,65968300000.0,110941500000.0,2010,2010,synergies of $1.1 billion,https://www.sec.gov/Archives/edgar/data/885721/000095012311099415/c66143dexv99w1.htm
0001193125-11-338304,2011-12-12,MARTIN MARIETTA MATERIALS INC,916076,1400,Vulcan Materials CO,1396009,1400,unknown,250000000.0,unspecified,133230000.0,1460906000.0,327537000.0,2258136000.0,460767000.0,3719042000.0,1782857000.0,2558862000.0,4341719000.0,2010,2010,$250 million in annual synergies,https://www.sec.gov/Archives/edgar/data/916076/000119312511338304/d268786d425.htm
0001193125-11-342562,2011-12-15,LAM RESEARCH CORP,707549,3559,NOVELLUS SYSTEMS INC,836106,3559,industrial_machinery,100000000.0,cost,308075000.0,1740461000.0,189483000.0,683824000.0,497558000.0,2424285000.0,3237693000.0,1349158000.0,4586851000.0,2011,2010,$100 million in cost synergies,https://www.sec.gov/Archives/edgar/data/707549/000119312511342562/d271974dex995.htm
0001193125-12-026505,2012-01-27,EASTMAN CHEMICAL CO,915389,2821,SOLUTIA INC,1043382,2800,pharma_chemicals,100000000.0,unspecified,431000000.0,4368000000.0,261000000.0,1342000000.0,692000000.0,5710000000.0,,1950000000.0,,2010,2010,synergies of approximately $100 million,https://www.sec.gov/Archives/edgar/data/915389/000119312512026505/d290397dex991.htm
0001193125-12-306848,2012-07-19,GEORGIA GULF CORP /DE/,805264,2821,PPG INDUSTRIES INC,79879,2851,pharma_chemicals,115000000.0,cost,168221000.0,2919625000.0,3234000000.0,9081000000.0,3402221000.0,12000625000.0,3222884000.0,14885000000.0,18107884000.0,2011,2011,$115 million in annual cost synergies,https://www.sec.gov/Archives/edgar/data/79879/000119312512306848/d381829dex992.htm
0001193125-12-432287,2012-10-24,POLYONE CORP,1122976,2821,SPARTECH CORP,77597,3080,rubber_plastics,65000000.0,unspecified,381700000.0,2400800000.0,74320000.0,1004928000.0,456020000.0,3405728000.0,,,,2011,2011,synergies of approximately $65 million,https://www.sec.gov/Archives/edgar/data/77597/000119312512432287/d426591d425.htm
0000898822-12-000588,2012-10-31,PVH CORP. /DE/,78239,2320,WARNACO GROUP INC /DE/,801351,2340,apparel,100000000.0,cost,2481370000.0,2834735000.0,844696000.0,1412466000.0,3326066000.0,4247201000.0,5890624000.0,,,2012,2011,$100 million of expense synergies,https://www.sec.gov/Archives/edgar/data/78239/000089882212000588/presss425.htm
0001193125-13-067261,2013-02-20,OFFICE DEPOT INC,800240,5940,OFFICEMAX INC,12978,5110,wholesale,600000000.0,cost,672827000.0,7448067000.0,1690967000.0,5311987000.0,2363794000.0,12760054000.0,10695652000.0,7121167000.0,17816819000.0,2012,2011,$600 million in annual cost synergies,https://www.sec.gov/Archives/edgar/data/12978/000119312513067261/d489975d425.htm
0001193125-13-112490,2013-03-18,PALOMAR MEDICAL TECHNOLOGIES INC,881695,3845,CYNOSURE INC,885306,3845,instruments,10000000.0,unspecified,10889034.0,6208221.0,14910000.0,64567000.0,25799034.0,70775221.0,80573235.0,153493000.0,234066235.0,2012,2012,$10 million in projected synergies,https://www.sec.gov/Archives/edgar/data/881695/000119312513112490/d503633dex993.htm
0001104659-13-029126,2013-04-15,DISH Network CORP,1001082,4841,SPRINT NEXTEL CORP,101830,4813,telecom,1800000000.0,cost,1283697000.0,1687327000.0,9765000000.0,20841000000.0,11048697000.0,22528327000.0,14266492000.0,35345000000.0,49611492000.0,2012,2012,$1.8 billion in annual run-rate cost synergies,https://www.sec.gov/Archives/edgar/data/1001082/000110465913029126/a13-10108_1ex99d1.htm
0001140361-13-017022,2013-04-22,CECO ENVIRONMENTAL CORP,3197,3564,MET PRO CORP,65201,3564,industrial_machinery,9000000.0,cost,25429000.0,92609000.0,25909212.0,72154899.0,51338212.0,164763899.0,135052000.0,,,2012,2013,$9 million in annual cost synergies,https://www.sec.gov/Archives/edgar/data/65201/000114036113017022/ex99_2.htm
0001193125-13-292069,2013-07-17,UNITED RENTALS INC /DE,1067701,7359,CIK 1047166,1047166,,software_services,250000000.0,cost,588000000.0,2530000000.0,588000000.0,2530000000.0,1176000000.0,5060000000.0,4117000000.0,4117000000.0,8234000000.0,2012,2012,$250 million of annual cost synergies,https://www.sec.gov/Archives/edgar/data/1067701/000119312513292069/d568205dex991.htm
0001193125-14-063841,2014-02-24,RF MICRO DEVICES INC,911160,3674,TRIQUINT SEMICONDUCTOR INC,913885,3674,electronics,150000000.0,cost,64242000.0,658332000.0,108410000.0,635194000.0,172652000.0,1293526000.0,964147000.0,892879000.0,1857026000.0,2013,2013,$150 million in cost synergies,https://www.sec.gov/Archives/edgar/data/913885/000119312514063841/d681010dex992.htm
0001193125-14-155810,2014-04-24,ZIMMER HOLDINGS INC,1136869,3842,"LVB Acquisition, Inc.",1402366,3842,instruments,270000000.0,unspecified,1833800000.0,1286100000.0,1189400000.0,996500000.0,3023200000.0,2282600000.0,,3052900000.0,,2013,2013,$270 million of net annual operating earnings synergies,https://www.sec.gov/Archives/edgar/data/1136869/000119312514155810/d713847dex992.htm
0000950157-14-000421,2014-04-30,ALLIANT TECHSYSTEMS INC,866121,3760,ORBITAL SCIENCES CORP /DE/,820736,3663,electronics,100000000.0,cost,244189000.0,3421276000.0,100027000.0,1062466000.0,344216000.0,4483742000.0,4362145000.0,1365271000.0,5727416000.0,2013,2013,$100 million in cost synergies,https://www.sec.gov/Archives/edgar/data/820736/000095015714000421/form425.htm
0001193125-14-193693,2014-05-12,Hillshire Brands Co,23666,2000,Pinnacle Foods Inc.,1564822,2000,food_beverage,140000000.0,cost,855000000.0,2758000000.0,119790000.0,1809553000.0,974790000.0,4567553000.0,3920000000.0,2463802000.0,6383802000.0,2013,2013,$140 million in cost synergies,https://www.sec.gov/Archives/edgar/data/23666/000119312514193693/d723906dex992.htm
0001104659-14-046280,2014-06-16,LEVEL 3 COMMUNICATIONS INC,794323,4813,tw telecom inc.,1057758,4813,telecom,2200000000.0,unspecified,2376000000.0,2471000000.0,392132000.0,658080000.0,2768132000.0,3129080000.0,6313000000.0,1563901000.0,7876901000.0,2013,2013,synergies of $2.2 billion,https://www.sec.gov/Archives/edgar/data/1057758/000110465914046280/a14-15513_2425.htm
0001193125-14-237008,2014-06-16,MEDTRONIC INC,64670,3845,Covidien plc,1385187,3841,instruments,850000000.0,cost,5698000000.0,4126000000.0,3340000000.0,4150000000.0,9038000000.0,8276000000.0,16590000000.0,,,2013,2013,$850 million of annual pre-tax cost synergies,https://www.sec.gov/Archives/edgar/data/1385187/000119312514237008/d741817dex991.htm
0001171843-14-003055,2014-06-30,"Consolidated Communications Holdings, Inc.",1304421,4813,Enventis Corp,766561,4813,telecom,14000000.0,unspecified,135414000.0,222452000.0,28759000.0,67847000.0,164173000.0,290299000.0,601577000.0,189200000.0,790777000.0,2013,2013,synergies of approximately $14.0 million,https://www.sec.gov/Archives/edgar/data/1304421/000117184314003055/exh_991.htm
0001104659-14-051436,2014-07-14,AECOM TECHNOLOGY CORP,868857,8711,URS CORP /NEW/,102379,8711,professional_services,250000000.0,unspecified,-97318000.0,7703507000.0,-77500000.0,-10416000000.0,-174818000.0,-2712493000.0,,,,2013,2014,$250 million in annual cost-saving synergies,https://www.sec.gov/Archives/edgar/data/868857/000110465914051436/a14-17068_1ex99d2.htm
0001193125-14-269319,2014-07-15,REYNOLDS AMERICAN INC,1275283,2111,"LORILLARD, INC.",1424847,2111,unknown,800000000.0,unspecified,1389000000.0,3678000000.0,665000000.0,4231000000.0,2054000000.0,7909000000.0,8236000000.0,6950000000.0,15186000000.0,2013,2013,$800 million of run rate synergies,https://www.sec.gov/Archives/edgar/data/1424847/000119312514269319/d758179d425.htm
0001104659-14-051654,2014-07-15,ALBEMARLE CORP,915913,2821,"Rockwood Holdings, Inc.",1315695,2800,pharma_chemicals,100000000.0,cost,162889000.0,1755011000.0,401800000.0,759800000.0,564689000.0,2514811000.0,2616416000.0,1377800000.0,3994216000.0,2013,2013,$100 million in annual cost synergies,https://www.sec.gov/Archives/edgar/data/1315695/000110465914051654/a14-17054_2ex99d1.htm
0000935703-14-000034,2014-07-28,DOLLAR TREE INC,935703,5331,FAMILY DOLLAR STORES INC,34408,5331,retail,300000000.0,unspecified,1819500000.0,5050500000.0,2866788000.0,6836712000.0,4686288000.0,11887212000.0,,,,2014,2013,$300 million of annual run-rate synergies,https://www.sec.gov/Archives/edgar/data/935703/000093570314000034/presentationfinalv4.htm
0001193125-14-364186,2014-10-06,BECTON DICKINSON & CO,10795,3841,CAREFUSION Corp,1457543,3841,instruments,250000000.0,cost,2422000000.0,3883000000.0,1061000000.0,1934000000.0,3483000000.0,5817000000.0,8054000000.0,3842000000.0,11896000000.0,2013,2014,$250 million of annual run-rate cost synergies,https://www.sec.gov/Archives/edgar/data/10795/000119312514364186/d800483dex997.htm
0001193125-14-415370,2014-11-17,HALLIBURTON CO,45012,1389,BAKER HUGHES INC,808362,3533,industrial_machinery,2000000000.0,cost,333000000.0,18959000000.0,1306000000.0,12621000000.0,1639000000.0,31580000000.0,29402000000.0,22364000000.0,51766000000.0,2013,2013,$2 billion of annual cost synergies,https://www.sec.gov/Archives/edgar/data/45012/000119312514415370/d822472dex999.htm
0001193125-14-429566,2014-12-01,CYPRESS SEMICONDUCTOR CORP /DE/,791915,3674,Spansion Inc.,1322705,3674,electronics,135000000.0,cost,182671000.0,384121000.0,178265000.0,719062000.0,360936000.0,1103183000.0,722693000.0,971690000.0,1694383000.0,2013,2013,$135 million in cost synergies,https://www.sec.gov/Archives/edgar/data/1322705/000119312514429566/d828825dex991.htm
0001193125-14-432165,2014-12-03,Tornier N.V.,1492658,3842,WRIGHT MEDICAL GROUP INC,1137861,3842,instruments,40000000.0,unspecified,206851000.0,86172000.0,230785000.0,59721000.0,437636000.0,145893000.0,310959000.0,,,2013,2013,synergies of $40 million,https://www.sec.gov/Archives/edgar/data/1137861/000119312514432165/d831945d425.htm
0001104659-15-006462,2015-02-04,STAPLES INC,791519,5940,OFFICE DEPOT INC,800240,5940,retail,1000000000.0,cost,4735294000.0,17081978000.0,2560000000.0,8616000000.0,7295294000.0,25697978000.0,23114263000.0,11242000000.0,34356263000.0,2014,2013,$1 billion of annualized cost synergies,https://www.sec.gov/Archives/edgar/data/791519/000110465915006462/a15-3714_1ex99d1.htm
0001193125-15-075802,2015-03-04,MITEL NETWORKS CORP,1170534,3663,MAVENIR SYSTEMS INC,1361470,3576,industrial_machinery,20000000.0,unspecified,344700000.0,513900000.0,23351000.0,58849000.0,368051000.0,572749000.0,1104000000.0,129795000.0,1233795000.0,2014,2014,$20 million of synergies,https://www.sec.gov/Archives/edgar/data/1361470/000119312515075802/d882777d425.htm
0001193125-15-167416,2015-05-04,CECO ENVIRONMENTAL CORP,3197,3564,"PMFG, Inc.",1422862,3569,industrial_machinery,15000000.0,cost,51440000.0,178394000.0,20714000.0,94754000.0,72154000.0,273148000.0,263217000.0,,,2014,2014,$15 million in annual cost synergies,https://www.sec.gov/Archives/edgar/data/3197/000119312515167416/d918028dex992.htm
0001193125-15-191006,2015-05-18,"Ascena Retail Group, Inc.",1498301,5600,ANN INC.,874214,5621,retail,150000000.0,cost,-1376300000.0,-2130600000.0,1161838000.0,1242506000.0,-214462000.0,-888094000.0,,2533460000.0,,2014,2015,$150mm in estimated annual run-rate cost synergies,https://www.sec.gov/Archives/edgar/data/1498301/000119312515191006/d928031dex991.htm
0001193125-15-204414,2015-05-28,Avago Technologies LTD,1441634,3674,BROADCOM CORP,1054374,3674,electronics,750000000.0,cost,407000000.0,2392000000.0,716000000.0,4098000000.0,1123000000.0,6490000000.0,4269000000.0,8428000000.0,12697000000.0,2014,2014,$750 million of run rate cost synergies,https://www.sec.gov/Archives/edgar/data/1054374/000119312515204414/d935187dex998.htm
0001193125-15-223510,2015-06-15,STANDARD PACIFIC CORP /DE/,878560,1531,RYLAND GROUP INC,85974,1531,unknown,70000000.0,cost,-275861000.0,-1792795000.0,289029000.0,2007644000.0,13168000.0,214849000.0,,2615069000.0,,2014,2014,$70 million in cost synergies,https://www.sec.gov/Archives/edgar/data/85974/000119312515223510/d943353d425.htm
0001193125-15-283781,2015-08-10,"CVR PARTNERS, LP",1425292,2870,"Rentech Nitrogen Partners, L.P.",1525998,2870,pharma_chemicals,12000000.0,unspecified,17703000.0,98958000.0,18011000.0,274135000.0,35714000.0,373093000.0,,334612000.0,,2014,2014,synergies of at least $12MM,https://www.sec.gov/Archives/edgar/data/1425292/000119312515283781/d94196dex991.htm
0001193125-15-287826,2015-08-12,"Fidelity National Information Services, Inc.",1136893,7389,SunGard,1337272,7372,software_services,200000000.0,unspecified,810500000.0,4332700000.0,667000000.0,1098000000.0,1477500000.0,5430700000.0,,2809000000.0,,2014,2014,$200 million in annual run rate synergies,https://www.sec.gov/Archives/edgar/data/1136893/000119312515287826/d77930dex992.htm
0001193125-15-302267,2015-08-26,SCHLUMBERGER LTD /NV/,87347,1389,CAMERON INTERNATIONAL CORP,941548,3533,industrial_machinery,600000000.0,unspecified,475000000.0,37398000000.0,1287000000.0,7464000000.0,1762000000.0,44862000000.0,48580000000.0,10381000000.0,58961000000.0,2014,2014,$600 million in synergies,https://www.sec.gov/Archives/edgar/data/87347/000119312515302267/d86257dex991.htm
0001193125-15-337854,2015-10-06,MICROSEMI CORP,310568,3674,PMC SIERRA INC,767920,3674,electronics,75000000.0,cost,240946000.0,526760000.0,117007000.0,155396000.0,357953000.0,682156000.0,1138263000.0,525603000.0,1663866000.0,2014,2014,$75 Million of Annual Cost Synergies,https://www.sec.gov/Archives/edgar/data/767920/000119312515337854/d39477dex991.htm
0001193125-15-349507,2015-10-21,LAM RESEARCH CORP,707549,3559,KLA TENCOR CORP,319201,3827,instruments,250000000.0,cost,591611000.0,2974976000.0,406864000.0,1215229000.0,998475000.0,4190205000.0,5259312000.0,2814049000.0,8073361000.0,2015,2015,$250 million in annualized cost synergies,https://www.sec.gov/Archives/edgar/data/319201/000119312515349507/d15654d425.htm
0001193125-15-349064,2015-10-21,WESTERN DIGITAL CORP,106040,3572,SANDISK CORP,1000180,3572,industrial_machinery,500000000.0,unspecified,773000000.0,10351000000.0,214902000.0,3559853000.0,987902000.0,13910853000.0,,6627701000.0,,2015,2014,synergies of $500 million,https://www.sec.gov/Archives/edgar/data/106040/000119312515349064/d20974dex992.htm
0001171843-15-005865,2015-11-02,TEAM INC,318833,7600,FURMANITE CORP,54441,1700,construction,25000000.0,cost,189528000.0,584054000.0,98302000.0,397629000.0,287830000.0,981683000.0,842047000.0,529197000.0,1371244000.0,2015,2014,$25 million in annual cost synergies,https://www.sec.gov/Archives/edgar/data/318833/000117184315005865/exh_991.htm
0001193125-15-402032,2015-12-14,NEWELL RUBBERMAID INC,814453,3089,JARDEN CORP,895655,5190,wholesale,500000000.0,cost,1480500000.0,3523600000.0,1960000000.0,5654200000.0,3440500000.0,9177800000.0,5727000000.0,8287100000.0,14014100000.0,2014,2014,$500 million in run-rate cost synergies,https://www.sec.gov/Archives/edgar/data/814453/000119312515402032/d95690dex992.htm
0001104659-16-091094,2016-01-25,TYCO INTERNATIONAL plc,833444,7380,JOHNSON CONTROLS INC,53669,2531,furniture,650000000.0,unspecified,2573000000.0,2198000000.0,-3986000000.0,30732000000.0,-1413000000.0,32930000000.0,9902000000.0,37179000000.0,47081000000.0,2015,2015,$650 million in identified synergies,https://www.sec.gov/Archives/edgar/data/53669/000110465916091094/a16-2812_1ex99d1.htm
0001193125-16-449932,2016-02-04,FORMFACTOR INC,1039399,3674,CASCADE MICROTECH INC,864559,3825,instruments,12000000.0,cost,51385000.0,191091000.0,43209000.0,65708000.0,94594000.0,256799000.0,268530000.0,136022000.0,404552000.0,2014,2014,$12 million in annualized cost synergies,https://www.sec.gov/Archives/edgar/data/864559/000119312516449932/d94488dex992.htm
0001104659-16-097926,2016-02-18,SELECT MEDICAL HOLDINGS CORP,1320414,8060,CIK 1035688,1035688,8093,healthcare_services,36000000.0,cost,85247000.0,2582340000.0,85247000.0,2582340000.0,170494000.0,5164680000.0,,,,2014,2014,$36 million of cost savings synergies,https://www.sec.gov/Archives/edgar/data/1320414/000110465916097926/a16-4799_1ex99d3.htm
0001193125-16-542959,2016-04-15,MITEL NETWORKS CORP,1170534,3663,POLYCOM INC,1010552,3661,electronics,160000000.0,unspecified,363000000.0,543800000.0,88626000.0,528472000.0,451626000.0,1072272000.0,1157700000.0,1267225000.0,2424925000.0,2015,2015,$160 million of synergies,https://www.sec.gov/Archives/edgar/data/1010552/000119312516542959/d179771d425.htm
0001193125-16-553152,2016-04-25,WESTLAKE CHEMICAL CORP,1262823,2860,AXIALL CORP/DE/,805264,2821,pharma_chemicals,200000000.0,unspecified,225364000.0,3278145000.0,299700000.0,2968900000.0,525064000.0,6247045000.0,4463336000.0,3361100000.0,7824436000.0,2015,2015,$200 million of expected synergies,https://www.sec.gov/Archives/edgar/data/805264/000119312516553152/d181571d425.htm
0001193125-16-566009,2016-04-29,Rovi Corp,1424454,6794,TIVO INC,1088825,4841,telecom,100000000.0,cost,154448000.0,102970000.0,59787000.0,196549000.0,214235000.0,299519000.0,526271000.0,489612000.0,1015883000.0,2015,2016,$100 million in annual cost synergies,https://www.sec.gov/Archives/edgar/data/1424454/000119312516566009/d189896d425.htm
0001193125-16-622604,2016-06-15,"CAVIUM, INC.",1175609,3674,QLOGIC CORP,918386,3576,industrial_machinery,45000000.0,cost,78926000.0,143767000.0,25454000.0,187464000.0,104380000.0,331231000.0,412744000.0,458913000.0,871657000.0,2015,2016,$45 million of identified annualized cost synergies,https://www.sec.gov/Archives/edgar/data/918386/000119312516622604/d213111dex991.htm
0001193125-16-658272,2016-07-26,ANALOG DEVICES INC,6281,3674,LINEAR TECHNOLOGY CORP /CA/,791907,3674,electronics,150000000.0,cost,478972000.0,1175830000.0,169952000.0,355727000.0,648924000.0,1531557000.0,3435092000.0,1475139000.0,4910231000.0,2015,2015,$150 million of annualized run-rate cost synergies,https://www.sec.gov/Archives/edgar/data/791907/000119312516658272/d215052dex991.htm
0001571049-16-017749,2016-08-25,BERRY PLASTICS GROUP INC,1378992,3089,AEP INDUSTRIES INC,785787,3081,rubber_plastics,50000000.0,cost,357000000.0,4012000000.0,32592000.0,959729000.0,389592000.0,4971729000.0,4881000000.0,1141391000.0,6022391000.0,2015,2015,$50 million of expected cost synergies,https://www.sec.gov/Archives/edgar/data/1378992/000157104916017749/t1600547_ex99-2.htm
0001193125-16-736379,2016-10-12,TESLA MOTORS INC,1318605,3711,SOLARCITY CORP,1408356,1700,construction,150000000.0,cost,922232000.0,3122522000.0,244508000.0,115245000.0,1166740000.0,3237767000.0,4046025000.0,399619000.0,4445644000.0,2015,2015,$150 million in cost synergies,https://www.sec.gov/Archives/edgar/data/1408356/000119312516736379/d231493ddefm14a.htm
0001193125-16-745320,2016-10-24,"American Midstream Partners, LP",1513965,4922,JP Energy Partners LP,1523404,5171,wholesale,10000000.0,unspecified,27232000.0,59549000.0,45383000.0,527476000.0,72615000.0,587025000.0,236358000.0,680585000.0,916943000.0,2015,2015,$10 million of run-rate synergies,https://www.sec.gov/Archives/edgar/data/1513965/000119312516745320/d273466dex991.htm
0001104659-16-151525,2016-10-24,ROCKWELL COLLINS INC,1137411,3728,B/E AEROSPACE INC,861361,3728,transport_equipment,160000000.0,unspecified,606000000.0,566000000.0,360400000.0,1642500000.0,966400000.0,2208500000.0,5244000000.0,2729600000.0,7973600000.0,2015,2015,synergies of approximately $160 million,https://www.sec.gov/Archives/edgar/data/861361/000110465916151525/a16-20327_1ex99d1.htm
0000950103-16-017482,2016-10-31,GENERAL ELECTRIC CO,40545,3600,BAKER HUGHES INC,808362,3533,industrial_machinery,1200000000.0,cost,17831000000.0,22788000000.0,1173000000.0,9639000000.0,19004000000.0,32427000000.0,117386000000.0,15742000000.0,133128000000.0,2015,2015,$1.2 billion in cost synergies,https://www.sec.gov/Archives/edgar/data/808362/000095010316017482/dp69890_425.htm
0001193125-16-759086,2016-11-03,AMERICAN AXLE & MANUFACTURING HOLDINGS INC,1062231,3714,Metaldyne Performance Group Inc.,1616817,3714,transport_equipment,120000000.0,unspecified,277300000.0,3267700000.0,249696000.0,2531245000.0,526996000.0,5798945000.0,,3047255000.0,,2015,2015,$120 million in cost reduction synergies,https://www.sec.gov/Archives/edgar/data/1616817/000119312516759086/d264480dex991.htm
0001104659-16-155027,2016-11-07,EarthLink Holdings Corp.,1102541,7370,"WINDSTREAM HOLDINGS, INC.",1282266,4813,telecom,50000000.0,unspecified,368763000.0,500628000.0,866500000.0,2762000000.0,1235263000.0,3262628000.0,1097252000.0,5765300000.0,6862552000.0,2015,2015,$50 million of these synergies,https://www.sec.gov/Archives/edgar/data/1102541/000110465916155027/a16-21203_1ex99d4.htm
0001062613-16-000184,2016-12-05,"Consolidated Communications Holdings, Inc.",1304421,4813,FAIRPOINT COMMUNICATIONS INC,1062613,4813,telecom,55000000.0,unspecified,178227000.0,328400000.0,206046000.0,430308000.0,384273000.0,758708000.0,775737000.0,,,2015,2015,$55MM in annual run-rate synergies,https://www.sec.gov/Archives/edgar/data/1062613/000106261316000184/a12052016cnslfrpinvestor.htm
0000930413-17-000066,2017-01-05,GARTNER INC,749251,8741,CEB Inc.,1066104,8742,professional_services,25000000.0,cost,962677000.0,839076000.0,111842000.0,327257000.0,1074519000.0,1166333000.0,2163056000.0,928434000.0,3091490000.0,2015,2015,$25 million of cost synergies,https://www.sec.gov/Archives/edgar/data/1066104/000093041317000066/c87012_425.htm
0001193125-17-133452,2017-04-24,BECTON DICKINSON & CO,10795,3841,BARD C R INC /NJ/,9892,3841,instruments,300000000.0,cost,3005000000.0,6492000000.0,1101900000.0,1371700000.0,4106900000.0,7863700000.0,12483000000.0,3714000000.0,16197000000.0,2016,2016,"$300 million of estimated annual, pre-tax, run-rate cost synergies",https://www.sec.gov/Archives/edgar/data/10795/000119312517133452/d346468dex997.htm
0001104659-17-043749,2017-07-06,Liberty Interactive Corp,1355096,5961,"HSN, Inc.",1434729,5940,retail,110000000.0,cost,1190000000.0,6908000000.0,193449000.0,2350817000.0,1383449000.0,9258817000.0,,3567485000.0,,2016,2016,$110 million of run rate cost synergies,https://www.sec.gov/Archives/edgar/data/1355096/000110465917043749/a17-10855_8ex99d2.htm
0000950157-17-001051,2017-07-10,CINCINNATI BELL INC,716133,4813,"Hawaiian Telcom Holdco, Inc.",1487986,4899,telecom,21000000.0,unspecified,218700000.0,506400000.0,118420000.0,165835000.0,337120000.0,672235000.0,1185800000.0,392963000.0,1578763000.0,2016,2016,synergies of approximately $21 million,https://www.sec.gov/Archives/edgar/data/716133/000095015717001051/ex99-1.htm
0001193125-17-242457,2017-07-31,"Discovery Communications, Inc.",1437107,4841,"Scripps Networks Interactive, Inc.",1430602,4841,telecom,350000000.0,cost,1690000000.0,2432000000.0,806733000.0,1193228000.0,2496733000.0,3625228000.0,6497000000.0,3401435000.0,9898435000.0,2016,2016,$350 million in Cost Synergies,https://www.sec.gov/Archives/edgar/data/1437107/000119312517242457/d432284dex991.htm
0001104659-17-053761,2017-08-28,LITTELFUSE INC /DE,889331,3613,IXYS CORP /DE/,945699,3674,electronics,30000000.0,cost,206129000.0,643042000.0,41733000.0,216541000.0,247862000.0,859583000.0,1056159000.0,322123000.0,1378282000.0,2016,2017,$30 million in annualized cost synergies,https://www.sec.gov/Archives/edgar/data/889331/000110465917053761/a17-21031_1ex99d3.htm
0001193125-17-315994,2017-10-23,POTLATCH CORP,1338749,6798,DELTIC TIMBER CORP,1022469,2421,building_products,50000000.0,unspecified,52719000.0,462304000.0,23991000.0,150326000.0,76710000.0,612630000.0,599099000.0,219363000.0,818462000.0,2016,2016,$50 million in synergies,https://www.sec.gov/Archives/edgar/data/1338749/000119312517315994/d458871dex991.htm
0001193125-17-323836,2017-10-30,LENNAR CORP /NEW/,920760,1520,"CalAtlantic Group, Inc.",878560,1531,unknown,250000000.0,unspecified,232562000.0,9455074000.0,-664459000.0,-4997410000.0,-431897000.0,4457664000.0,10949999000.0,,,2016,2016,synergies of approximately $250 million,https://www.sec.gov/Archives/edgar/data/920760/000119312517323836/d483134dex991.htm
0001171843-17-006519,2017-11-02,WestRock Co,1636023,2650,KAPSTONE PAPER & PACKAGING CORP,1325281,2621,paper_packaging,200000000.0,cost,1379400000.0,11413200000.0,224127000.0,2214872000.0,1603527000.0,13628072000.0,14171800000.0,,,2016,2016,$200 million in cost synergies,https://www.sec.gov/Archives/edgar/data/1636023/000117184317006519/exh_102.htm
0001193125-17-347488,2017-11-20,MARVELL TECHNOLOGY GROUP LTD,1058057,3674,"CAVIUM, INC.",1175609,3674,electronics,162500000.0,unspecified,127376000.0,1029527000.0,161051000.0,318000000.0,288427000.0,1347527000.0,2317674000.0,603314000.0,2920988000.0,2017,2016,$162.5 million of annual run-rate synergies,https://www.sec.gov/Archives/edgar/data/1175609/000119312517347488/d476675dex992.htm
0001104659-17-070155,2017-11-22,SELECT MEDICAL HOLDINGS CORP,1320414,8060,CIK 1035688,1035688,8093,healthcare_services,38000000.0,unspecified,106927000.0,3664843000.0,106927000.0,3664843000.0,213854000.0,7329686000.0,,,,2016,2016,$38mm in run-rate synergies,https://www.sec.gov/Archives/edgar/data/1320414/000110465917070155/a17-27447_1ex99d1.htm
0001193125-17-372233,2017-12-18,MCDERMOTT INTERNATIONAL INC,708819,3443,CHICAGO BRIDGE & IRON CO N V,1027884,1700,construction,250000000.0,cost,178752000.0,2249616000.0,349874000.0,9653502000.0,528626000.0,11903118000.0,2635983000.0,10679558000.0,13315541000.0,2016,2016,$250 million of cost synergies,https://www.sec.gov/Archives/edgar/data/708819/000119312517372233/d475253dex992.htm
0001193125-18-045081,2018-02-14,GRANITE CONSTRUCTION INC,861459,1600,LAYNE CHRISTENSEN CO,888504,1700,construction,20000000.0,unspecified,219299000.0,2213247000.0,-97202000.0,-502050000.0,122097000.0,1711197000.0,2514617000.0,601972000.0,3116589000.0,2016,2017,synergies of approximately $20 million,https://www.sec.gov/Archives/edgar/data/861459/000119312518045081/d542847dex996.htm
0001193125-18-078154,2018-03-12,Lumentum Holdings Inc.,1633978,3669,"OCLARO, INC.",1110647,3674,electronics,60000000.0,unspecified,110200000.0,677000000.0,58461000.0,365729000.0,168661000.0,1042729000.0,1001600000.0,600968000.0,1602568000.0,2017,2017,$60 million in annual run-rate synergies,https://www.sec.gov/Archives/edgar/data/1633978/000119312518078154/d547353dex991.htm
0001104659-18-028086,2018-04-30,"T-Mobile US, Inc.",1283699,4812,SPRINT Corp,101830,4813,telecom,43000000000.0,unspecified,12259000000.0,6100000000.0,7994000000.0,7861000000.0,20253000000.0,13961000000.0,40604000000.0,33347000000.0,73951000000.0,2017,2017,$43 billion in synergies,https://www.sec.gov/Archives/edgar/data/1283699/000110465918028086/a18-12444_1ex99d1.htm
0001193125-18-168568,2018-05-21,WESTINGHOUSE AIR BRAKE TECHNOLOGIES CORP,943452,3743,GENERAL ELECTRIC CO,40545,3600,electronics,250000000.0,unspecified,-511898000.0,-2816443000.0,18280000000.0,27606000000.0,17768102000.0,24789557000.0,3881756000.0,122092000000.0,125973756000.0,2017,2017,synergies of $250 million,https://www.sec.gov/Archives/edgar/data/943452/000119312518168568/d576670dex991.htm
0000950157-18-000762,2018-06-27,CONAGRA BRANDS INC.,23217,2000,PINNACLE FOODS INC.,1564822,2000,food_beverage,215000000.0,cost,1417100000.0,5484800000.0,130884000.0,2275854000.0,1547984000.0,7760654000.0,,3144002000.0,,2017,2017,$215 Million in Annual Run-Rate Cost Synergies,https://www.sec.gov/Archives/edgar/data/1564822/000095015718000762/ex99-1.htm
0001177394-18-000044,2018-06-29,SYNNEX CORP,1177394,5045,CONVERGYS CORP,1062047,7373,software_services,150000000.0,cost,-1041975000.0,-1232666000.0,699000000.0,1734900000.0,-342975000.0,502234000.0,17045700000.0,2792100000.0,19837800000.0,2017,2017,$150 million of annualized cost synergies,https://www.sec.gov/Archives/edgar/data/1177394/000117739418000044/exhibit997investorpresen.htm
0001193125-18-218867,2018-07-16,TIDEWATER INC,98222,4400,GULFMARK OFFSHORE INC,1030749,3533,industrial_machinery,30000000.0,unspecified,145879000.0,359171000.0,37663000.0,83165000.0,183542000.0,442336000.0,601611000.0,,,2017,2016,synergies of approximately $30 million,https://www.sec.gov/Archives/edgar/data/98222/000119312518218867/d509995dex991.htm
0001144204-18-041940,2018-08-03,PARETEUM Corp,1084384,7373,IPASS INC,1053374,7374,software_services,4800000.0,unspecified,10097027.0,3683609.0,11482000.0,38548000.0,21579027.0,42231609.0,13547507.0,,,2017,2017,synergies of approximately $4.8 million,https://www.sec.gov/Archives/edgar/data/1084384/000114420418041940/tv500110_defm14a.htm
0001193125-18-249255,2018-08-15,CABOT MICROELECTRONICS CORP,1102934,3674,KMG CHEMICALS INC,1028215,2800,pharma_chemicals,25000000.0,cost,55637000.0,253050000.0,54467000.0,203304000.0,110104000.0,456354000.0,,,,2017,2017,$25 million of estimated annual cost synergies,https://www.sec.gov/Archives/edgar/data/1028215/000119312518249255/d600109dex991.htm
0001193125-18-269651,2018-09-10,UNITED RENTALS INC /DE,1067701,7359,CIK 1047166,1047166,,software_services,45000000.0,cost,903000000.0,3872000000.0,903000000.0,3872000000.0,1806000000.0,7744000000.0,6641000000.0,6641000000.0,13282000000.0,2017,2017,$45 million of cost synergies,https://www.sec.gov/Archives/edgar/data/1067701/000119312518269651/d605852dex991.htm
0001571123-18-000044,2018-09-10,Science Applications International Corp,1571123,7373,"Engility Holdings, Inc.",1544229,8711,professional_services,75000000.0,cost,155000000.0,4043000000.0,142391000.0,1655729000.0,297391000.0,5698729000.0,4454000000.0,1931887000.0,6385887000.0,2018,2017,$75 million of expected annual run rate net cost synergies,https://www.sec.gov/Archives/edgar/data/1571123/000157112318000044/saic-ex993_201809102.htm
0001193125-18-275430,2018-09-17,Univar Inc.,1494319,5160,"Nexeo Solutions, Inc.",1604416,5160,wholesale,100000000.0,unspecified,909800000.0,6448200000.0,312900000.0,3238500000.0,1222700000.0,9686700000.0,,3636900000.0,,2017,2017,$100 million of annual run rate operating synergies,https://www.sec.gov/Archives/edgar/data/1494319/000119312518275430/d626677dex992.htm
0001628280-18-012254,2018-10-03,"Cloudera, Inc.",1535379,7372,"Hortonworks, Inc.",1610532,7372,software_services,125000000.0,cost,85539000.0,158035000.0,78282000.0,81095000.0,163821000.0,239130000.0,,261810000.0,,2018,2017,$125 million in annual cost synergies,https://www.sec.gov/Archives/edgar/data/1535379/000162828018012254/cldr8-k10318ex991.htm
0001104659-18-067123,2018-11-09,II-VI INC,820318,3827,FINISAR CORP,1094739,3674,electronics,150000000.0,cost,208757000.0,697506000.0,59518000.0,951510000.0,268275000.0,1649016000.0,1158794000.0,1316483000.0,2475277000.0,2018,2018,$150 million of expected run-rate cost synergies,https://www.sec.gov/Archives/edgar/data/1094739/000110465918067123/a18-39922_1ex99d1.htm
0001193125-18-345467,2018-12-10,"TIVITY HEALTH, INC.",704415,8090,NUTRI SYSTEM INC /DE/,1096376,5961,retail,30000000.0,unspecified,34361000.0,395605000.0,78305000.0,321210000.0,112666000.0,716815000.0,,696957000.0,,2017,2017,synergies of approximately $30 million,https://www.sec.gov/Archives/edgar/data/704415/000119312518345467/d614292dex992.htm
0000101829-18-000046,2018-12-21,UNITED TECHNOLOGIES CORP /DE/,101829,3724,RAYTHEON CO/,1047122,3812,instruments,1000000000.0,cost,6183000000.0,12926000000.0,2954000000.0,3204000000.0,9137000000.0,16130000000.0,59837000000.0,25348000000.0,85185000000.0,2017,2017,$1 billion of gross annual cost synergies,https://www.sec.gov/Archives/edgar/data/101829/000010182918000046/rockwellfs93017exhibit991.htm
0001140361-19-000175,2019-01-03,BRISTOL MYERS SQUIBB CO,14272,2834,CELGENE CORP /DE/,816284,2834,pharma_chemicals,2500000000.0,cost,4687000000.0,6066000000.0,2941000000.0,461000000.0,7628000000.0,6527000000.0,20776000000.0,13003000000.0,33779000000.0,2017,2017,$2.5 Billion of Expected Run-Rate Cost Synergies,https://www.sec.gov/Archives/edgar/data/14272/000114036119000175/ex99_3.htm
0001193125-19-010301,2019-01-16,FISERV INC,798354,7374,FIRST DATA CORP,883980,7389,software_services,500000000.0,unspecified,1150000000.0,2291000000.0,2178000000.0,2763000000.0,3328000000.0,5054000000.0,5696000000.0,12052000000.0,17748000000.0,2017,2017,synergies of $500 million,https://www.sec.gov/Archives/edgar/data/798354/000119312519010301/d680169dex993.htm
0001193125-19-017776,2019-01-28,ENTEGRIS INC,1101302,3089,"Versum Materials, Inc.",1660690,2890,pharma_chemicals,75000000.0,cost,216194000.0,733547000.0,143100000.0,788100000.0,359294000.0,1521647000.0,1342532000.0,1372300000.0,2714832000.0,2017,2018,$75 Million of Annual Cost Synergies,https://www.sec.gov/Archives/edgar/data/1101302/000119312519017776/d667754dex991.htm
0001213900-19-011339,2019-06-24,"US ECOLOGY, INC.",742126,4953,NRC GROUP HOLDINGS CORP.,1703038,4955,utilities,20000000.0,unspecified,92340000.0,395834000.0,53144000.0,242208000.0,145484000.0,638042000.0,565928000.0,360170000.0,926098000.0,2018,2018,synergies of approximately $20 million,https://www.sec.gov/Archives/edgar/data/1703038/000121390019011339/f8k062319ex99-1_nrcgroup.htm
0001104659-19-042164,2019-07-29,EXACT SCIENCES CORP,1124140,8731,GENOMIC HEALTH INC,1131324,8071,healthcare_services,25000000.0,unspecified,178293000.0,117982000.0,76910000.0,64326000.0,255203000.0,182308000.0,454462000.0,394111000.0,848573000.0,2018,2018,synergies of approximately $25 million,https://www.sec.gov/Archives/edgar/data/1131324/000110465919042164/a19-16247_1ex99d1.htm
0001193125-19-219925,2019-08-13,CBS CORP,813828,4833,Viacom Inc.,1339947,4841,telecom,500000000.0,cost,2217000000.0,9111000000.0,3056000000.0,6879000000.0,5273000000.0,15990000000.0,14514000000.0,12943000000.0,27457000000.0,2018,2018,$500MM in Annual Cost Synergies,https://www.sec.gov/Archives/edgar/data/1339947/000119312519219925/d792001d425.htm
0000950142-19-002207,2019-11-06,Taylor Morrison Home Corp,1562476,1531,WILLIAM LYON HOMES,1095996,1531,unknown,80000000.0,cost,138488000.0,3489200000.0,-119272000.0,-1708444000.0,19216000.0,1780756000.0,4227393000.0,2087171000.0,6314564000.0,2018,2018,$80mm in annualized cost synergies,https://www.sec.gov/Archives/edgar/data/1095996/000095014219002207/eh1901218_425-e.htm
0001193125-19-315336,2019-12-17,INTERNATIONAL FLAVORS & FRAGRANCES INC,51253,2860,"DuPont de Nemours, Inc.",1666700,2821,pharma_chemicals,300000000.0,cost,707461000.0,2294832000.0,6709000000.0,65333000000.0,7416461000.0,67627832000.0,,85977000000.0,,2018,2018,$300 million in run-rate cost synergies,https://www.sec.gov/Archives/edgar/data/51253/000119312519315336/d849385dex992.htm
0001193125-19-318397,2019-12-19,ECOLAB INC.,31462,2840,Apergy Corp,1723089,3530,industrial_machinery,75000000.0,unspecified,3968600000.0,8625900000.0,262625000.0,800347000.0,4231225000.0,9426247000.0,14668200000.0,1168626000.0,15836826000.0,2018,2018,synergies of $75 million,https://www.sec.gov/Archives/edgar/data/1723089/000119312519318397/d846989dex991.htm
0001193125-20-005859,2020-01-13,"Woodward, Inc.",108312,3620,HEXCEL CORP /DE/,717605,2821,pharma_chemicals,125000000.0,cost,211205000.0,2192654000.0,146000000.0,1608300000.0,357205000.0,3800954000.0,2900197000.0,2189100000.0,5089297000.0,2019,2018,$125 million of annual cost synergies,https://www.sec.gov/Archives/edgar/data/717605/000119312520005859/d869670dex992.htm
0001193125-20-005956,2020-01-13,COTT CORP /CN/,884713,2086,Primo Water Corp,1365101,5141,wholesale,35000000.0,unspecified,1092100000.0,1197300000.0,35226000.0,215502000.0,1127326000.0,1412802000.0,2372900000.0,302112000.0,2675012000.0,2018,2018,synergies of approximately $35 million,https://www.sec.gov/Archives/edgar/data/884713/000119312520005956/d858483dex991.htm
0001193125-20-007786,2020-01-15,RAYONIER INC,52827,6798,POPE RESOURCES LTD PARTNERSHIP,784011,0800,unknown,5000000.0,unspecified,-41951000.0,-605259000.0,-7217000.0,-58087000.0,-49168000.0,-663346000.0,816138000.0,95241000.0,911379000.0,2018,2018,synergies of $5 million,https://www.sec.gov/Archives/edgar/data/52827/000119312520007786/d862353dex991.htm
0001193125-20-188281,2020-07-07,Sunrun Inc.,1469367,3430,"Vivint Solar, Inc.",1607716,3433,fabricated_metals,90000000.0,cost,125023000.0,645829000.0,117822000.0,258546000.0,242845000.0,904375000.0,775670000.0,341041000.0,1116711000.0,2019,2019,$90 million of cost synergies,https://www.sec.gov/Archives/edgar/data/1469367/000119312520188281/d864649dex991.htm
0001193125-20-191972,2020-07-13,ANALOG DEVICES INC,6281,3674,MAXIM INTEGRATED PRODUCTS INC,743316,3674,electronics,275000000.0,cost,648094000.0,1977315000.0,308617000.0,813823000.0,956711000.0,2791138000.0,5991065000.0,2314329000.0,8305394000.0,2019,2019,$275 million in cost synergies,https://www.sec.gov/Archives/edgar/data/743316/000119312520191972/d939849d425.htm
0001104659-20-090931,2020-08-05,"Teladoc Health, Inc.",1477449,8011,"Livongo Health, Inc.",1639225,7370,software_services,500000000.0,unspecified,157694000.0,184465000.0,55676000.0,46158000.0,213370000.0,230623000.0,553307000.0,170198000.0,723505000.0,2019,2019,$500MM in 2025 Significant additional synergies,https://www.sec.gov/Archives/edgar/data/1639225/000110465920090931/tm2026658d6_425.htm
0001193125-20-231974,2020-08-27,"Builders FirstSource, Inc.",1316835,5211,"BMC STOCK HOLDINGS, INC.",1574815,5211,unknown,140000000.0,unspecified,1584523000.0,5303602000.0,727601000.0,2675289000.0,2312124000.0,7978891000.0,7280431000.0,3626593000.0,10907024000.0,2019,2019,synergies of $140 million,https://www.sec.gov/Archives/edgar/data/1316835/000119312520231974/d937866dex991.htm
0001193125-20-281198,2020-10-29,MARVELL TECHNOLOGY GROUP LTD,1058057,3674,INPHI Corp,1160958,3674,electronics,125000000.0,cost,464580000.0,1342220000.0,30672000.0,152814000.0,495252000.0,1495034000.0,2699161000.0,365635000.0,3064796000.0,2020,2019,$125 million of cost synergies,https://www.sec.gov/Archives/edgar/data/1160958/000119312520281198/d27989d425.htm
0000950103-20-023248,2020-11-30,S&P Global Inc.,64040,7320,IHS Markit Ltd.,1598014,7370,software_services,480000000.0,cost,1517000000.0,1801000000.0,1197900000.0,1657000000.0,2714900000.0,3458000000.0,6699000000.0,4414600000.0,11113600000.0,2019,2019,$480 Million of Annual Run-Rate Cost Synergies,https://www.sec.gov/Archives/edgar/data/1598014/000095010320023248/dp141981_ex9901.htm
0001104659-21-003255,2021-01-12,STERIS plc,1757898,3842,CANTEL MEDICAL CORP,19446,3841,instruments,110000000.0,unspecified,716731000.0,1710972000.0,197562000.0,580075000.0,914293000.0,2291047000.0,3030895000.0,1016048000.0,4046943000.0,2020,2020,$110 million in expected EBIT synergies,https://www.sec.gov/Archives/edgar/data/19446/000110465921003255/tm212717d1_ex99-1.htm
0001104659-21-005354,2021-01-19,Lumentum Holdings Inc.,1633978,3669,COHERENT INC,21510,3826,instruments,150000000.0,cost,235200000.0,974600000.0,270464000.0,818125000.0,505664000.0,1792725000.0,1678600000.0,1228999000.0,2907599000.0,2020,2020,$150 million in annual run-rate cost synergies,https://www.sec.gov/Archives/edgar/data/21510/000110465921005354/tm213409d3_425.htm
0001193125-21-049870,2021-02-22,GOODYEAR TIRE & RUBBER CO /OH/,42582,3011,COOPER TIRE & RUBBER CO,24491,3011,rubber_plastics,165000000.0,cost,2192000000.0,10337000000.0,244529000.0,2033260000.0,2436529000.0,12370260000.0,12321000000.0,2521074000.0,14842074000.0,2020,2020,$165 million in run-rate cost synergies,https://www.sec.gov/Archives/edgar/data/42582/000119312521049870/d86231dex991.htm
0001104659-21-051706,2021-04-19,HERMAN MILLER INC,66382,2520,KNOLL INC,1011570,2590,furniture,100000000.0,cost,643300000.0,1575900000.0,375400000.0,793700000.0,1018700000.0,2369600000.0,2486600000.0,1236400000.0,3723000000.0,2020,2020,$100 million in run-rate cost synergies,https://www.sec.gov/Archives/edgar/data/1011570/000110465921051706/tm2113369d1_ex99-2.htm
0001104659-21-052898,2021-04-21,MIDDLEBY CORP,769520,3580,"Welbilt, Inc.",1650962,3580,industrial_machinery,100000000.0,cost,531897000.0,1631209000.0,285300000.0,743400000.0,817197000.0,2374609000.0,2513257000.0,1153400000.0,3666657000.0,2021,2020,$100mm of identified cost synergies,https://www.sec.gov/Archives/edgar/data/769520/000110465921052898/tm2113649d1_ex99-2.htm
0001193125-21-154885,2021-05-07,Energy Transfer LP,1276187,4922,"Enable Midstream Partners, LP",1591763,4922,utilities,100000000.0,cost,711000000.0,25487000000.0,98000000.0,965000000.0,809000000.0,26452000000.0,38954000000.0,2463000000.0,41417000000.0,2020,2020,$100 million of annual run-rate cost synergies,https://www.sec.gov/Archives/edgar/data/1591763/000119312521154885/d22956d425.htm
0001193125-21-163888,2021-05-17,AT&T INC.,732717,4813,"Discovery, Inc.",1437107,4841,telecom,3000000000.0,cost,38039000000.0,47011000000.0,2722000000.0,3860000000.0,40761000000.0,50871000000.0,171760000000.0,10671000000.0,182431000000.0,2020,2020,$3 billion in annual cost synergies,https://www.sec.gov/Archives/edgar/data/1437107/000119312521163888/d160965d425.htm
0001193125-21-169960,2021-05-24,XERIS PHARMACEUTICALS INC,1346302,2834,Strongbridge Biopharma plc,1634432,2834,pharma_chemicals,50000000.0,unspecified,73732000.0,9328000.0,40867000.0,2212000.0,114599000.0,11540000.0,20155000.0,30731000.0,50886000.0,2020,2020,$50 million in pre-tax synergies,https://www.sec.gov/Archives/edgar/data/1634432/000119312521169960/d175750dex992.htm
0001193125-21-349135,2021-12-06,"Zendesk, Inc.",1463172,7374,MOMENTIVE GLOBAL INC.,1739936,7370,software_services,274000000.0,unspecified,166469000.0,251255000.0,87909000.0,83917000.0,254378000.0,335172000.0,1029564000.0,375610000.0,1405174000.0,2020,2020,synergies of approximately $274 million,https://www.sec.gov/Archives/edgar/data/1463172/000119312521349135/d258655ds4.htm
0001140361-21-041687,2021-12-15,ENTEGRIS INC,1101302,3089,"CMC Materials, Inc.",1102934,3674,electronics,75000000.0,cost,265128000.0,1009591000.0,228886000.0,701662000.0,494014000.0,1711253000.0,1859313000.0,1199831000.0,3059144000.0,2020,2021,$75 Million in Run-Rate Cost Synergies,https://www.sec.gov/Archives/edgar/data/1102934/000114036121041687/ny20001672x1_ex99-1.htm
0001193125-22-005625,2022-01-10,TAKE TWO INTERACTIVE SOFTWARE INC,946581,7372,ZYNGA INC,1439404,7374,software_services,100000000.0,cost,390683000.0,1535085000.0,136000000.0,811800000.0,526683000.0,2346885000.0,3372772000.0,1974800000.0,5347572000.0,2021,2020,$100 million of annual cost synergies,https://www.sec.gov/Archives/edgar/data/1439404/000119312522005625/d279813dex991.htm
0001104659-22-038382,2022-03-28,SCHWEITZER MAUDUIT INTERNATIONAL INC,1000623,2621,Neenah Inc,1296435,2621,paper_packaging,65000000.0,cost,169900000.0,1109700000.0,101400000.0,865200000.0,271300000.0,1974900000.0,1440000000.0,1028500000.0,2468500000.0,2021,2021,$65 million of annual run rate cost synergies,https://www.sec.gov/Archives/edgar/data/1000623/000110465922038382/tm2210555d1_ex99-2.htm
0001104659-22-115108,2022-11-07,RITCHIE BROS AUCTIONEERS INC,1046102,7389,"IAA, Inc.",1745041,5500,retail,120000000.0,cost,464599000.0,594783000.0,192300000.0,1112700000.0,656899000.0,1707483000.0,1416971000.0,1837400000.0,3254371000.0,2021,2022,$120 million in annual run-rate cost synergies,https://www.sec.gov/Archives/edgar/data/1046102/000110465922115108/tm2229848d1_ex99-1.htm
0001193125-22-280174,2022-11-08,"Ouster, Inc.",1816581,3569,"Velodyne Lidar, Inc.",1745317,3569,industrial_machinery,75000000.0,cost,51959000.0,24492000.0,70307000.0,67838000.0,122266000.0,92330000.0,33578000.0,61924000.0,95502000.0,2021,2021,$75 million in cost synergies,https://www.sec.gov/Archives/edgar/data/1745317/000119312522280174/d321583d425.htm
0001104659-22-117558,2022-11-14,"UNITED RENTALS, INC.",1067701,7359,CIK 1047166,1047166,,software_services,40000000.0,cost,1199000000.0,923000000.0,1199000000.0,923000000.0,2398000000.0,1846000000.0,9716000000.0,9716000000.0,19432000000.0,2021,2021,$40 million of annualized cost synergies,https://www.sec.gov/Archives/edgar/data/1067701/000110465922117558/tm2230360d1_ex99-1.htm
0001628280-22-032438,2022-12-21,"Berkeley Lights, Inc.",1689657,3826,IsoPlexis Corp,1615055,3826,instruments,70000000.0,unspecified,43400000.0,28837000.0,26349000.0,8492000.0,69749000.0,37329000.0,85388000.0,17258000.0,102646000.0,2021,2021,synergies of approximately $70 million,https://www.sec.gov/Archives/edgar/data/1615055/000162828022032438/exhibit991-form8xk.htm
0001193125-23-012563,2023-01-23,Xylem Inc.,1524472,3561,Evoqua Water Technologies Corp.,1604643,3580,industrial_machinery,140000000.0,unspecified,1179000000.0,3220000000.0,-260550000.0,-1201097000.0,918450000.0,2018903000.0,5195000000.0,1737076000.0,6932076000.0,2021,2022,Synergies of $140 Million,https://www.sec.gov/Archives/edgar/data/1524472/000119312523012563/d441004dex991.htm
0001193125-23-029211,2023-02-09,GLOBUS MEDICAL INC,1237831,3841,NUVASIVE INC,1142596,3841,instruments,170000000.0,cost,408149000.0,239223000.0,610085000.0,322278000.0,1018234000.0,561501000.0,958102000.0,1138988000.0,2097090000.0,2021,2021,$170 million in identified cost synergies,https://www.sec.gov/Archives/edgar/data/1237831/000119312523029211/d434853dex991.htm
0000055772-23-000023,2023-03-08,HNI CORP,48287,2522,KIMBALL INTERNATIONAL INC,55772,2510,furniture,25000000.0,cost,723400000.0,1526900000.0,202291000.0,454571000.0,925691000.0,1981471000.0,2361800000.0,665877000.0,3027677000.0,2022,2022,$25 million in run-rate cost synergies,https://www.sec.gov/Archives/edgar/data/55772/000005577223000023/exhibit992hniinvestorpre.htm
0000764065-23-000133,2023-08-14,CLEVELAND-CLIFFS INC.,764065,1000,UNITED STATES STEEL CORP,1163302,3312,metals,500000000.0,unspecified,-465000000.0,-20471000000.0,422000000.0,16777000000.0,-43000000.0,-3694000000.0,22989000000.0,19123000000.0,42112000000.0,2022,2022,Synergies of Approximately $500 Million,https://www.sec.gov/Archives/edgar/data/764065/000076406523000133/a202308138-kex991.htm
0001276187-23-000067,2023-08-16,Energy Transfer LP,1276187,4922,Crestwood Equity Partners LP,1136352,4923,utilities,40000000.0,cost,1018000000.0,72232000000.0,130400000.0,4756200000.0,1148400000.0,76988200000.0,89876000000.0,6000700000.0,95876700000.0,2022,2022,$40 million of annual run-rate cost synergies,https://www.sec.gov/Archives/edgar/data/1276187/000127618723000067/energytransferlppressrelea.htm
0000950103-23-013386,2023-09-07,"Summit Materials, LLC",1571371,1400,CIK 1621563,1621563,,unknown,100000000.0,unspecified,190218000.0,1763177000.0,190218000.0,1763177000.0,380436000.0,3526354000.0,2412522000.0,2412522000.0,4825044000.0,2022,2022,$100MM of synergies,https://www.sec.gov/Archives/edgar/data/1571371/000095010323013386/dp199789_ex9902.htm
0001193125-23-232051,2023-09-11,J M SMUCKER Co,91419,2033,"Hostess Brands, Inc.",1644406,2050,food_beverage,100000000.0,unspecified,1455000000.0,5727400000.0,119453000.0,892528000.0,1574453000.0,6619928000.0,8529200000.0,1358207000.0,9887407000.0,2023,2022,synergies of $100 million,https://www.sec.gov/Archives/edgar/data/91419/000119312523232051/d450269dex991.htm
0001104659-23-106606,2023-10-04,STANDARD BIOTOOLS INC.,1162194,3826,"SomaLogic, Inc.",1837412,8731,professional_services,80000000.0,cost,114758000.0,60897000.0,156619000.0,43364000.0,271377000.0,104261000.0,97948000.0,121949000.0,219897000.0,2022,2022,$80 million in annual cost synergies,https://www.sec.gov/Archives/edgar/data/1162194/000110465923106606/tm2327474d1_ex99-2.htm
0001193125-23-257245,2023-10-17,CHOICE HOTELS INTERNATIONAL INC /DE,1046311,7011,"WYNDHAM HOTELS & RESORTS, INC.",1722684,7011,lodging,100000000.0,cost,207275000.0,701897000.0,123000000.0,668000000.0,330275000.0,1369897000.0,1401949000.0,1354000000.0,2755949000.0,2022,2022,$100 million of target cost synergies,https://www.sec.gov/Archives/edgar/data/1046311/000119312523257245/d512528dex992.htm
0001193125-24-008120,2024-01-16,SYNOPSYS INC,883241,7372,ANSYS INC,1013462,7372,software_services,400000000.0,cost,410311000.0,1147329000.0,772871000.0,250641000.0,1183182000.0,1397970000.0,5842619000.0,2065553000.0,7908172000.0,2023,2022,$400 million of run-rate cost synergies,https://www.sec.gov/Archives/edgar/data/883241/000119312524008120/d720113dex991.htm
0001193125-24-011709,2024-01-22,Sunoco LP,1552275,2911,NuStar Energy L.P.,1110805,4610,unknown,150000000.0,unspecified,120000000.0,24350000000.0,117116000.0,1103814000.0,237116000.0,25453814000.0,25729000000.0,3366446000.0,29095446000.0,2022,2022,$150 Million in Run-Rate Synergies,https://www.sec.gov/Archives/edgar/data/1110805/000119312524011709/d738821dex992.htm
0001104659-24-011685,2024-02-07,"BERRY GLOBAL GROUP, INC.",1378992,3089,Glatfelter Corp,41719,2621,paper_packaging,50000000.0,unspecified,886000000.0,10354000000.0,125001000.0,1342524000.0,1011001000.0,11696524000.0,12664000000.0,1491326000.0,14155326000.0,2023,2022,synergies of at least $50 million,https://www.sec.gov/Archives/edgar/data/41719/000110465924011685/tm245431d1_ex99-1.htm
0000950170-24-022621,2024-02-29,FIRST ADVANTAGE CORP,1210677,7389,Sterling Check Corp.,1645070,7374,software_services,50000000.0,unspecified,116732000.0,386777000.0,175459000.0,407683000.0,292191000.0,794460000.0,763761000.0,766782000.0,1530543000.0,2023,2022,$50 million in run-rate synergies,https://www.sec.gov/Archives/edgar/data/1210677/000095017024022621/fa-ex99_2.htm
0001193125-24-084191,2024-04-02,SCHLUMBERGER LIMITED/NV,87347,1389,ChampionX Corp,1723089,3530,industrial_machinery,400000000.0,unspecified,364000000.0,26572000000.0,633032000.0,2618646000.0,997032000.0,29190646000.0,33135000000.0,3661801000.0,36796801000.0,2023,2023,synergies of approximately $400 million,https://www.sec.gov/Archives/edgar/data/87347/000119312524084191/d501949dex991.htm
0001104659-24-120337,2024-11-19,Amcor plc,1748790,3990,"BERRY GLOBAL GROUP, INC.",1378992,3089,rubber_plastics,530000000.0,cost,-1260000000.0,-10928000000.0,886000000.0,10354000000.0,-374000000.0,-574000000.0,13640000000.0,12664000000.0,26304000000.0,2024,2023,$530 million in run-rate cost synergies,https://www.sec.gov/Archives/edgar/data/1748790/000110465924120337/tm2428531d1_ex99-2.htm
0001193125-24-272907,2024-12-09,OMNICOM GROUP INC.,29989,7311,"INTERPUBLIC GROUP OF COMPANIES, INC.",51644,7311,software_services,750000000.0,cost,393700000.0,11982700000.0,67200000.0,9075100000.0,460900000.0,21057800000.0,14692200000.0,9400600000.0,24092800000.0,2023,2023,$750 million in annual cost synergies,https://www.sec.gov/Archives/edgar/data/51644/000119312524272907/d875100dex991.htm
0001140361-25-000468,2025-01-07,"Shutterstock, Inc.",1549346,7374,"Getty Images Holdings, Inc.",1898496,7389,software_services,200000000.0,cost,142646000.0,352630000.0,402516000.0,250249000.0,545162000.0,602879000.0,874587000.0,916555000.0,1791142000.0,2023,2023,$200 million in estimated annual cost synergies,https://www.sec.gov/Archives/edgar/data/1549346/000114036125000468/ny20041185x1_ex99-1.htm
0001104659-25-002310,2025-01-10,Quanterix Corp,1503274,3826,"Akoya Biosciences, Inc.",1711933,3826,instruments,40000000.0,cost,89111000.0,48144000.0,82381000.0,40328000.0,171492000.0,88472000.0,122368000.0,96633000.0,219001000.0,2023,2023,$40 million of annual cost synergies,https://www.sec.gov/Archives/edgar/data/1711933/000110465925002310/tm252908d1_ex99-1.htm
0001193125-25-005785,2025-01-14,HERC HOLDINGS INC,1364479,7350,"H&E Equipment Services, Inc.",1339605,7350,software_services,130000000.0,cost,448000000.0,1139000000.0,405432000.0,784755000.0,853432000.0,1923755000.0,3282000000.0,1469216000.0,4751216000.0,2023,2023,$130 million of targeted cost synergies,https://www.sec.gov/Archives/edgar/data/1339605/000119312525005785/d866014dex991.htm
0001193125-25-053462,2025-03-13,Mallinckrodt plc,1567892,2834,"Endo, Inc.",2008861,2834,pharma_chemicals,150000000.0,unspecified,566800000.0,1152600000.0,382629000.0,1184469000.0,949429000.0,2337069000.0,1979700000.0,1178166000.0,3157866000.0,2024,2024,$150 Million of Annual Operating Synergies,https://www.sec.gov/Archives/edgar/data/2008861/000119312525053462/d926314dex992.htm
0001193125-25-062401,2025-03-25,Xerox Holdings Corp,1770450,3577,CIK 108772,108772,,industrial_machinery,238000000.0,unspecified,1537000000.0,4155000000.0,1537000000.0,4155000000.0,3074000000.0,8310000000.0,6221000000.0,6221000000.0,12442000000.0,2024,2024,$238 million in expected gross run-rate synergies,https://www.sec.gov/Archives/edgar/data/1770450/000119312525062401/d843949d8k.htm
0001104659-25-048852,2025-05-15,"DICK'S SPORTING GOODS, INC.",1089063,5940,"FOOT LOCKER, INC.",850209,5661,retail,125000000.0,cost,3294272000.0,8617153000.0,1920000000.0,5666000000.0,5214272000.0,14283153000.0,13442849000.0,7988000000.0,21430849000.0,2025,2025,$125 million in cost synergies,https://www.sec.gov/Archives/edgar/data/850209/000110465925048852/tm2515123d1_ex99-2.htm
0001193125-25-134450,2025-06-04,FLOWSERVE CORP,30625,3561,CHART INDUSTRIES INC,892553,3443,fabricated_metals,300000000.0,cost,-978037000.0,-3123560000.0,547400000.0,2771500000.0,-430637000.0,-352060000.0,4557806000.0,4160300000.0,8718106000.0,2024,2024,$300 million of annual cost synergies,https://www.sec.gov/Archives/edgar/data/892553/000119312525134450/d847684dex992.htm
0001193125-25-158831,2025-07-14,WATERS CORP /DE/,1000697,3826,BECTON DICKINSON & CO,10795,3841,instruments,200000000.0,cost,690148000.0,1200201000.0,4857000000.0,11053000000.0,5547148000.0,12253201000.0,2958387000.0,20178000000.0,23136387000.0,2024,2024,$200 million of annualized cost synergies,https://www.sec.gov/Archives/edgar/data/1000697/000119312525158831/d75083d425.htm
0001140361-25-029079,2025-08-06,"MasterBrand, Inc.",1941365,2511,AMERICAN WOODMARK CORP,794619,2430,building_products,90000000.0,unspecified,603100000.0,1823400000.0,75464000.0,1403035000.0,678564000.0,3226435000.0,2700400000.0,1709585000.0,4409985000.0,2024,2025,synergies of approximately $90 million,https://www.sec.gov/Archives/edgar/data/1941365/000114036125029079/ef20053184_ex99-4.htm
0001193125-25-321719,2025-12-17,"Coursera, Inc.",1651562,7372,"Udemy, Inc.",1607939,8200,education,115000000.0,unspecified,108734000.0,323261000.0,96199000.0,294625000.0,204933000.0,617886000.0,694674000.0,786565000.0,1481239000.0,2024,2024,synergies of $115 million,https://www.sec.gov/Archives/edgar/data/1607939/000119312525321719/d41058dex992.htm
0001193125-26-013366,2026-01-15,"Mission Produce, Inc.",1802974,0700,CALAVO GROWERS INC,1133470,0700,unknown,25000000.0,cost,95500000.0,1230500000.0,42089000.0,584771000.0,137589000.0,1815271000.0,1391200000.0,648434000.0,2039634000.0,2025,2025,$25mm of annual cost synergies,https://www.sec.gov/Archives/edgar/data/1802974/000119312526013366/d47538dex991.htm
0001104659-26-018825,2026-02-24,CECO ENVIRONMENTAL CORP,3197,3564,"Thermon Group Holdings, Inc.",1489096,3620,electronics,40000000.0,cost,146698000.0,361786000.0,129307000.0,275311000.0,276005000.0,637097000.0,557933000.0,498207000.0,1056140000.0,2024,2025,$40 million of annual cost synergies,https://www.sec.gov/Archives/edgar/data/3197/000110465926018825/tm267105d1_ex99-1.htm
0001104659-26-020528,2026-02-26,BRINKS CO,78890,4731,NCR Atleos Corp,1974138,3578,industrial_machinery,200000000.0,cost,778000000.0,3903200000.0,521000000.0,3285000000.0,1299000000.0,7188200000.0,5261200000.0,4305000000.0,9566200000.0,2025,2024,$200 million in annual run-rate cost synergies,https://www.sec.gov/Archives/edgar/data/1974138/000110465926020528/tm267403d1_ex99-2.htm
0001104659-26-045111,2026-04-20,"QXO, Inc.",1236275,5030,TopBuild Corp,1633931,1700,construction,300000000.0,unspecified,1394800000.0,5269500000.0,777064000.0,3840089000.0,2171864000.0,9109589000.0,6842200000.0,5409086000.0,12251286000.0,2025,2025,synergies of approximately $300 million,https://www.sec.gov/Archives/edgar/data/1236275/000110465926045111/tm2612209d1_ex99-2.htm
0000950142-26-001733,2026-06-11,Eaton Corp plc,1551182,3590,DANA Inc,26780,3714,transport_equipment,250000000.0,cost,4311000000.0,17131000000.0,387000000.0,6898000000.0,4698000000.0,24029000000.0,27448000000.0,7500000000.0,34948000000.0,2025,2025,$250 million of run-rate cost synergies,https://www.sec.gov/Archives/edgar/data/1551182/000095014226001733/eh260792115_ex9901.htm
0001193125-26-271782,2026-06-16,Huntsman CORP,1307954,2800,OLIN Corp,74303,2800,pharma_chemicals,400000000.0,cost,670000000.0,4932000000.0,463300000.0,6279300000.0,1133300000.0,11211300000.0,5683000000.0,6780800000.0,12463800000.0,2025,2025,$400 million of cost synergies,https://www.sec.gov/Archives/edgar/data/74303/000119312526271782/d99037dex992.htm
0001140361-26-026434,2026-06-25,ON SEMICONDUCTOR CORP,1097864,3674,SYNAPTICS Inc,817720,3674,electronics,200000000.0,unspecified,348900000.0,4011500000.0,180300000.0,593900000.0,529200000.0,4605400000.0,5995400000.0,1074300000.0,7069700000.0,2025,2025,$200 million of annual run-rate synergies,https://www.sec.gov/Archives/edgar/data/817720/000114036126026434/ef20076748_ex99-2.htm
0001104659-26-080612,2026-07-06,Solstice Advanced Materials Inc.,2064953,2800,Element Solutions Inc,1590714,2890,pharma_chemicals,180000000.0,unspecified,421000000.0,2636000000.0,660700000.0,1480700000.0,1081700000.0,4116700000.0,3886000000.0,2551200000.0,6437200000.0,2025,2025,$180 million of annual run rate synergies,https://www.sec.gov/Archives/edgar/data/1590714/000110465926080612/tm2619788d4_ex99-2.htm
